{   
    "strip":["mixamorig:"],

    "bones":{
        "LeftLeg": {
            "limit_ang_x_lower" : -120,
            "limit_ang_x_upper" : 0,
            "limit_ang_y_lower" : -5,
            "limit_ang_y_upper" : 5,
            "limit_ang_z_lower" : -5,
            "limit_ang_z_upper" : 5
        },
        "RightLeg": {
            "limit_ang_x_lower" : -120,
            "limit_ang_x_upper" : 0,
            "limit_ang_y_lower" : -5,
            "limit_ang_y_upper" : 5,
            "limit_ang_z_lower" : -5,
            "limit_ang_z_upper" : 5
        },
        "LeftUpLeg": {
            "limit_ang_x_lower" : -22.5,
            "limit_ang_x_upper" : 90,
            "limit_ang_y_lower" : -22.5,
            "limit_ang_y_upper" : 22.5,
            "limit_ang_z_lower" : -45,
            "limit_ang_z_upper" : 5
        },
        "RightUpLeg": {
            "limit_ang_x_lower" : -22.5,
            "limit_ang_x_upper" : 90,
            "limit_ang_y_lower" : -22.5,
            "limit_ang_y_upper" : 22.5,
            "limit_ang_z_lower" : -45,
            "limit_ang_z_upper" : 5
        },
        "Spine": {
            "limit_ang_x_lower" : -22.5,
            "limit_ang_x_upper" : 22.5,
            "limit_ang_y_lower" : -12,
            "limit_ang_y_upper" : 12,
            "limit_ang_z_lower" : -12,
            "limit_ang_z_upper" : 12
        },
        "Spine1": {
            "limit_ang_x_lower" : -22.5,
            "limit_ang_x_upper" : 22.5,
            "limit_ang_y_lower" : -12,
            "limit_ang_y_upper" : 12,
            "limit_ang_z_lower" : -12,
            "limit_ang_z_upper" : 12
        },
        "Spine2": {
            "limit_ang_x_lower" : -12,
            "limit_ang_x_upper" : 12,
            "limit_ang_y_lower" : -12,
            "limit_ang_y_upper" : 12,
            "limit_ang_z_lower" : -12,
            "limit_ang_z_upper" : 12
        },
        "LeftShoulder": {
            "limit_ang_x_lower" : -22.5,
            "limit_ang_x_upper" : 22.5,
            "limit_ang_y_lower" : -1,
            "limit_ang_y_upper" : 1,
            "limit_ang_z_lower" : -22.5,
            "limit_ang_z_upper" : 22.5
        },
        "RightShoulder": {
            "limit_ang_x_lower" : -22.5,
            "limit_ang_x_upper" : 22.5,
            "limit_ang_y_lower" : -1,
            "limit_ang_y_upper" : 1,
            "limit_ang_z_lower" : -22.5,
            "limit_ang_z_upper" : 22.5
        },
        "LeftArm": {
            "limit_ang_x_lower" : -90,
            "limit_ang_x_upper" : 90,
            "limit_ang_y_lower" : -0,
            "limit_ang_y_upper" : 0,
            "limit_ang_z_lower" : 90,
            "limit_ang_z_upper" : -22.5
        },
        "RightArm": {
            "limit_ang_x_lower" : 90,
            "limit_ang_x_upper" : -90,
            "limit_ang_y_lower" : 0,
            "limit_ang_y_upper" : -0,
            "limit_ang_z_lower" : -90,
            "limit_ang_z_upper" : 22.5
        },
        "LeftForeArm": {
            "limit_ang_x_lower" : -0,
            "limit_ang_x_upper" : 0,
            "limit_ang_y_lower" : -0,
            "limit_ang_y_upper" : 0,
            "limit_ang_z_lower" : -0,
            "limit_ang_z_upper" : 120
        },
        "RightForeArm": {
            "limit_ang_x_lower" : 0,
            "limit_ang_x_upper" : -0,
            "limit_ang_y_lower" : 0,
            "limit_ang_y_upper" : -0,
            "limit_ang_z_lower" : -120,
            "limit_ang_z_upper" : 0
        },
        "LeftHand": {
            "limit_ang_x_lower" : -60,
            "limit_ang_x_upper" : 60,
            "limit_ang_y_lower" : -22.5,
            "limit_ang_y_upper" : 22.5,
            "limit_ang_z_lower" : -12,
            "limit_ang_z_upper" : 12
        },
        "RightHand": {
            "limit_ang_x_lower" : -60,
            "limit_ang_x_upper" : 60,
            "limit_ang_y_lower" : -22.5,
            "limit_ang_y_upper" : 22.5,
            "limit_ang_z_lower" : -12,
            "limit_ang_z_upper" : 12
        }
    }    
}