{   
    "bones":{
        "mixamorig:LeftLeg": {
            "limit_ang_x_lower" : -120,
            "limit_ang_x_upper" : 0,
            "limit_ang_y_lower" : -5,
            "limit_ang_y_upper" : 5,
            "limit_ang_z_lower" : -5,
            "limit_ang_z_upper" : 5
        },
        "mixamorig:RightLeg": {
            "limit_ang_x_lower" : -120,
            "limit_ang_x_upper" : 0,
            "limit_ang_y_lower" : -5,
            "limit_ang_y_upper" : 5,
            "limit_ang_z_lower" : -5,
            "limit_ang_z_upper" : 5
        },
        "mixamorig:LeftUpLeg": {
            "limit_ang_x_lower" : -22.5,
            "limit_ang_x_upper" : 90,
            "limit_ang_y_lower" : -22.5,
            "limit_ang_y_upper" : 22.5,
            "limit_ang_z_lower" : -45,
            "limit_ang_z_upper" : 5
        },
        "mixamorig:RightUpLeg": {
            "limit_ang_x_lower" : -22.5,
            "limit_ang_x_upper" : 90,
            "limit_ang_y_lower" : -22.5,
            "limit_ang_y_upper" : 22.5,
            "limit_ang_z_lower" : -45,
            "limit_ang_z_upper" : 5
        },
        "mixamorig:Spine": {
            "limit_ang_x_lower" : -22.5,
            "limit_ang_x_upper" : 22.5,
            "limit_ang_y_lower" : -12,
            "limit_ang_y_upper" : 12,
            "limit_ang_z_lower" : -12,
            "limit_ang_z_upper" : 12
        },
        "mixamorig:Spine1": {
            "limit_ang_x_lower" : -22.5,
            "limit_ang_x_upper" : 22.5,
            "limit_ang_y_lower" : -12,
            "limit_ang_y_upper" : 12,
            "limit_ang_z_lower" : -12,
            "limit_ang_z_upper" : 12
        },
        "mixamorig:Spine2": {
            "limit_ang_x_lower" : -12,
            "limit_ang_x_upper" : 12,
            "limit_ang_y_lower" : -12,
            "limit_ang_y_upper" : 12,
            "limit_ang_z_lower" : -12,
            "limit_ang_z_upper" : 12
        },
        "mixamorig:LeftShoulder": {
            "limit_ang_x_lower" : -22.5,
            "limit_ang_x_upper" : 22.5,
            "limit_ang_y_lower" : -1,
            "limit_ang_y_upper" : 1,
            "limit_ang_z_lower" : -22.5,
            "limit_ang_z_upper" : 22.5
        },
        "mixamorig:RightShoulder": {
            "limit_ang_x_lower" : -22.5,
            "limit_ang_x_upper" : 22.5,
            "limit_ang_y_lower" : -1,
            "limit_ang_y_upper" : 1,
            "limit_ang_z_lower" : -22.5,
            "limit_ang_z_upper" : 22.5
        },
        "mixamorig:LeftArm": {
            "limit_ang_x_lower" : -90,
            "limit_ang_x_upper" : 90,
            "limit_ang_y_lower" : -0,
            "limit_ang_y_upper" : 0,
            "limit_ang_z_lower" : 90,
            "limit_ang_z_upper" : -22.5
        },
        "mixamorig:RightArm": {
            "limit_ang_x_lower" : 90,
            "limit_ang_x_upper" : -90,
            "limit_ang_y_lower" : 0,
            "limit_ang_y_upper" : -0,
            "limit_ang_z_lower" : -90,
            "limit_ang_z_upper" : 22.5
        },
        "mixamorig:LeftForeArm": {
            "limit_ang_x_lower" : -0,
            "limit_ang_x_upper" : 0,
            "limit_ang_y_lower" : -0,
            "limit_ang_y_upper" : 0,
            "limit_ang_z_lower" : -0,
            "limit_ang_z_upper" : 120
        },
        "mixamorig:RightForeArm": {
            "limit_ang_x_lower" : 0,
            "limit_ang_x_upper" : -0,
            "limit_ang_y_lower" : 0,
            "limit_ang_y_upper" : -0,
            "limit_ang_z_lower" : -120,
            "limit_ang_z_upper" : 0
        },
        "mixamorig:LeftHand": {
            "limit_ang_x_lower" : -60,
            "limit_ang_x_upper" : 60,
            "limit_ang_y_lower" : -22.5,
            "limit_ang_y_upper" : 22.5,
            "limit_ang_z_lower" : -12,
            "limit_ang_z_upper" : 12
        },
        "mixamorig:RightHand": {
            "limit_ang_x_lower" : -60,
            "limit_ang_x_upper" : 60,
            "limit_ang_y_lower" : -22.5,
            "limit_ang_y_upper" : 22.5,
            "limit_ang_z_lower" : -12,
            "limit_ang_z_upper" : 12
        }
    },
    
    "default_values":{
        "distance": 0.0,
        "rotation": 22.5
    }    
}